,complex-name,gb-complex-etot,gb-complex-1-4-eel,gb-complex-eelec,gb-complex-egb,gb-complex-esurf,gb-protein-etot,gb-protein-1-4-eel,gb-protein-eelect,gb-protein-egb,gb-protein-esurf,gb-ligand-etot,gb-ligand-1-4-eel,gb-ligand-eelec,gb-ligand-egb,gb-ligand-esurf,pb-complex-etot,pb-complex-vdwaals,pb-complex-eelect,pb-complex-epb,pb-complex-ecavity,pb-protein-etot,pb-protein-vdwaals,pb-protein-eelec,pb-protein-epb,pb-protein-ecavity,pb-ligand-etot,pb-ligand-vdwaals,pb-ligand-eelec,pb-ligand-epb,pb-ligand-ecavity,ddg,enthalpy-gb,entropy
0,10gs,-16145.919,18478.8142,-31052.1742,-3659.463,86.9041,-16042.9095,18034.9833,-30493.1722,-3672.7126,87.992,-115.6647,443.8309,-416.8647,-146.3683,3.7375,-38748.103,-4143.6338,-31052.1742,-3639.199,86.9041,-38133.6991,-4077.8698,-30493.1722,-3650.6491,87.992,-565.1881,-10.1928,-416.8647,-141.8681,3.7375,-8.841926757,-42.9160000000011,-34.0740732430011
1,1a1e,-9777.1684,7030.7012,-13515.0036,-3349.3791,56.513,-9499.3955,7189.5223,-13366.9577,-3378.1703,56.2103,-320.1633,-158.821,-96.6715,-69.1305,4.4598,-18709.7101,-1951.5817,-13515.0036,-3299.6378,56.513,-18544.8921,-1901.0486,-13366.9577,-3333.0961,56.2103,-173.519,-11.4008,-96.6715,-69.9064,4.4598,-8.289306335,3.2580999999991,11.5474063349991
2,1a30,-6925.5462,9349.451,-14111.767,-2211.3839,48.1538,-6881.3365,8949.8465,-13675.6929,-2204.7807,49.2906,-243.7531,399.6044,-381.1129,-265.2212,2.9765,-18061.711,-1837.5626,-14111.767,-2160.5351,48.1538,-17583.2732,-1777.04,-13675.6929,-2179.8309,49.2906,-645.4443,-9.3186,-381.1129,-257.9893,2.9765,-5.94066954,148.339400000001,154.280069540001
3,1a4k,-29413.8956,40100.7078,-61088.2896,-8626.6708,200.3571,-29189.9201,40319.8406,-60991.3946,-8719.3884,201.0223,-243.0495,-219.1329,74.3491,-101.7143,3.4485,-70665.774,-1141.4576,-61088.2896,-8636.3838,200.357,-70604.7723,-1084.3398,-60991.3946,-8730.0602,201.0222,-27.4572,-6.0182,74.3491,-99.2366,3.4485,-11.05240845,-32.0256000000008,-20.9731915500008
4,1a4r,-14436.7381,16726.9825,-26744.9283,-4516.3615,97.5691,-13647.6149,18021.0326,-27237.1053,-4529.6519,98.1097,-801.7543,-1294.0501,583.2385,-93.9965,3.0538,-32899.722,-1787.6642,-26744.9283,-4464.6987,97.5691,-33350.8858,-1733.7572,-27237.1053,-4478.133,98.1097,486.8763,-5.8718,583.2385,-93.5441,3.0538,-9.201130032,-35.4040999999997,-26.2029699679997
5,1a4w,-10060.8335,9388.6228,-16007.773,-3500.4882,58.8049,-9898.7146,9430.4623,-15870.8142,-3517.0657,58.703,-190.923,-41.8395,-56.5969,-96.9684,4.4818,-18531.722,882.3856,-16007.773,-3465.1395,58.8049,-18344.9586,947.9481,-15870.8142,-3480.7955,58.703,-161.8844,-13.4556,-56.5969,-96.3138,4.4818,-8.17878225,-23.3028000000013,-15.1240177500013
6,1a69,-50899.5392,63674.5215,-98270.9992,-16522.1412,219.0797,-50847.0705,63655.6987,-98137.7363,-16584.9029,219.87,-73.4878,18.8228,-43.8491,-50.6504,2.189,-128198.1561,-13930.1825,-98270.9992,-16216.0541,219.0797,-128115.241,-13888.7516,-98137.7363,-16308.6232,219.87,-97.0217,-2.8446,-43.8491,-52.517,2.189,-7.322220596,-17.5671999999977,-10.2449794039977
8,1a94,-7065.4194,9405.5759,-14502.2577,-2016.7336,47.996,-6979.1838,8857.9436,-13864.3605,-2022.6154,49.8485,-295.7968,547.6323,-573.0702,-276.7751,6.4163,-18251.4433,-1823.457,-14502.2577,-1973.7247,47.996,-17510.726,-1697.8693,-13864.3605,-1998.3447,49.8485,-865.5237,-26.0032,-573.0702,-272.8666,6.4163,-10.84517579,109.976699999999,120.821875789999
9,1a99,-24780.1502,33300.3128,-50719.6833,-7491.8373,131.0575,-24714.0074,33258.4787,-50167.3662,-7936.5222,131.4023,-61.4634,41.8341,98.513,-203.3729,1.5623,-63003.448,-5129.3644,-50719.6833,-7285.4578,131.0575,-62802.5035,-5088.0074,-50167.3662,-7678.5322,131.4023,-99.077,-0.7778,98.513,-198.3746,1.5623,-7.874841018,-45.2586000000047,-37.3837589820047
10,1a9m,-7285.7362,8653.2908,-14118.3106,-1868.268,47.5517,-7107.1222,8703.6593,-13958.2357,-1902.1869,49.6412,-304.8133,-50.3686,-146.1119,-113.1787,4.8458,-17744.3946,-1818.228,-14118.3106,-1855.4077,47.5517,-17511.7123,-1719.5554,-13958.2357,-1883.5623,49.6411,-270.0804,-15.329,-146.1119,-113.4853,4.8458,-9.560333306,42.8556999999983,52.4160333059983
11,1aaq,-6882.8585,9115.3337,-14166.5915,-1878.807,47.2064,-6909.2116,8675.3234,-13675.7958,-1957.9994,49.2602,-81.2297,440.0103,-419.8745,-106.2163,4.8508,-17765.5163,-1776.6506,-14166.5915,-1869.4805,47.2064,-17260.9385,-1689.4834,-13675.7958,-1944.9194,49.2602,-535.3355,-14.833,-419.8745,-105.4789,4.8508,-11.60502887,35.2486000000008,46.8536288700008
12,1add,-13432.4035,16011.6146,-25132.0808,-4378.7652,66.8278,-13547.1296,16055.5491,-25074.9721,-4595.1772,67.4707,-95.041,-43.9344,-15.0109,-38.417,2.3214,-32927.0383,-3585.8113,-25132.0808,-4275.974,66.8278,-33006.7662,-3539.7703,-25074.9721,-4459.4944,67.4707,-57.4822,-3.3511,-15.0109,-41.4416,2.3214,-9.311654116,167.0772,176.388854116
13,1adl,-10801.8965,11778.4378,-19521.9474,-3125.8403,67.4533,-10734.4465,11772.2766,-19347.2225,-3228.4,68.8993,-78.8472,6.1612,-8.5724,-79.5108,3.0749,-24805.6409,-2271.3582,-19521.9474,-3079.7886,67.4533,-24677.6564,-2224.0845,-19347.2225,-3175.2486,68.8993,-87.823,-3.8697,-8.5724,-78.4557,3.0749,-7.405113659,-32.0068000000028,-24.6016863410028
14,1ado,-52392.1519,65186.349,-104780.2505,-13060.1308,261.8804,-52159.2951,65270.896,-105183.9682,-12508.3237,262.1008,-373.2236,-84.547,-1.2996,-288.9741,1.5971,-131630.3887,-14300.4404,-104780.2505,-12811.5781,261.8804,-131489.1486,-14279.5242,-105183.9682,-12287.757,262.1008,-287.1362,-0.5567,-1.2996,-286.877,1.5971,-8.289306335,120.007300000012,128.296606335012
15,1afk,-5765.7136,4232.1572,-8422.51,-1610.2245,34.8636,-4825.7948,5476.4331,-8591.4524,-1745.8036,35.0281,-968.0476,-1244.2759,419.3284,-146.3957,3.2956,-7851.9612,2131.4573,-8422.51,-1595.7721,34.8636,-8114.5071,2172.1043,-8591.4524,-1730.1871,35.0281,276.6341,-5.7338,419.3284,-140.2562,3.2956,-9.145867989,-6.78440000000046,2.36146798899954
16,1afl,-5804.817,4197.6715,-8275.5757,-1761.9833,35.0705,-4850.7452,5496.9524,-8584.8641,-1798.2246,35.391,-974.0349,-1299.2809,431.3242,-109.2461,3.1679,-7821.5457,2171.6991,-8275.5757,-1752.7395,35.0705,-8124.6694,2204.8632,-8584.8641,-1780.0595,35.391,321.7106,-4.2124,431.3242,-108.5691,3.1679,-8.67614063,-8.98859999999968,-0.312459369999678
17,1ai4,-29424.1346,31958.3474,-55211.1125,-6311.2026,139.833,-29322.8972,31982.8136,-55173.853,-6272.2149,140.3571,-114.188,-24.4661,-1.3713,-90.0604,1.7099,-68986.7219,-7683.8253,-55211.1125,-6231.6171,139.833,-68887.6734,-7658.7559,-55173.853,-6195.4217,140.3571,-90.7714,-1.1552,-1.3713,-89.9548,1.7099,-3.453877639,-10.9636000000028,-7.50972236100277
18,1ai5,-29384.3549,32056.8006,-55340.0035,-6240.7194,139.5674,-29305.537,32072.8366,-55306.7977,-6211.6576,140.0817,-84.0186,-16.0361,10.466,-80.2596,1.811,-69044.7075,-7695.1761,-55340.0035,-6149.0954,139.5674,-68957.9399,-7666.0571,-55306.7977,-6125.1667,140.0817,-66.8763,-0.8763,10.466,-78.277,1.811,-5.139369928,-23.041999999994,-17.902630071994
19,1ai7,-29280.0852,31997.2394,-55160.6492,-6255.8975,139.2221,-29265.3379,32022.0453,-55168.0693,-6258.7753,139.4613,-24.6698,-24.8059,9.2827,-10.4441,1.2975,-68880.5771,-7693.8354,-55160.6492,-6165.3147,139.2221,-68873.0693,-7674.2931,-55168.0693,-6170.1682,139.4613,-1.0452,-0.2417,9.2827,-11.3836,1.2975,-5.650543818,-9.37809999999445,-3.72755618199445
20,1aid,-7229.3527,8502.3429,-13832.6489,-1948.3313,49.2846,-7223.1559,8540.3173,-13902.1,-1911.5802,50.2069,-39.1082,-37.9744,54.4709,-59.2132,3.6084,-17456.4469,-1747.2936,-13832.6489,-1925.7889,49.2846,-17441.2132,-1699.3397,-13902.1,-1889.9804,50.2069,-7.0405,-4.6433,54.4709,-60.4766,3.6084,-6.659076089,-10.3991999999998,-3.74012391099984
21,1aj7,-14683.4881,20251.3474,-31114.2868,-3917.2396,96.6909,-14451.6597,20462.2675,-30979.2015,-4031.9231,97.1974,-260.2325,-210.9201,52.8709,-104.8364,2.6532,-34526.7785,440.1084,-31114.2868,-3949.2909,96.6909,-34458.2373,482.2441,-30979.2015,-4058.4773,97.1974,-49.9266,-2.4516,52.8709,-102.999,2.6532,-5.346602586,-11.2800000000007,-5.93339741400065
22,1ajn,-29393.3179,31895.8083,-54872.2954,-6556.1346,139.3038,-29316.5096,31945.2318,-54909.1969,-6492.3644,139.8199,-92.9072,-49.4235,32.2455,-77.5133,1.7842,-68890.7608,-7697.3715,-54872.2954,-6460.3977,139.3038,-68837.6517,-7668.9306,-54909.1969,-6399.3441,139.8199,-41.9834,-0.3895,32.2455,-75.6235,1.7842,-3.633479277,-11.9524999999994,-8.31902072299942
23,1ajp,-29430.2005,31978.7155,-55241.6848,-6306.8052,139.5741,-29335.7227,31996.8568,-55212.9966,-6259.651,140.0681,-118.9601,-18.1413,-2.1161,-100.3991,1.6963,-69006.2897,-7677.1766,-55241.6848,-6227.0024,139.574,-68907.3007,-7653.7846,-55212.9966,-6180.5876,140.0681,-101.5255,-0.3917,-2.1161,-100.7141,1.6963,-3.080858854,1.48199999999633,4.56285885399633
24,1ajq,-29449.5484,32026.1169,-55296.9571,-6318.1094,139.4012,-29382.7686,32016.8076,-55252.8928,-6286.429,139.7457,-70.2031,9.3094,-0.6255,-80.4278,1.5408,-69077.8124,-7702.186,-55296.9571,-6218.0704,139.4012,-68977.1842,-7676.3032,-55252.8928,-6187.7339,139.7457,-78.5057,-0.8336,-0.6255,-78.5874,1.5408,-5.95448505,-21.6259000000064,-15.6714149500064
25,1ajv,-7175.348,8828.188,-14133.3581,-1917.3401,47.1622,-7116.9922,8758.3795,-13895.4728,-2028.8974,48.9985,-138.4946,69.8086,-175.925,-36.6942,4.316,-17803.8816,-1822.7999,-14133.3581,-1894.8857,47.1622,-17582.4132,-1733.6304,-13895.4728,-2002.3085,48.9985,-221.5875,-10.7034,-175.925,-39.2752,4.316,-10.66557415,1.67269999999917,12.3382741499992
26,1ajx,-7109.8141,8755.2302,-14014.2458,-1897.9794,47.1808,-7142.5274,8673.5864,-13861.7579,-2003.3651,49.0092,-53.66,81.6438,-105.9202,-33.4653,4.0817,-17663.3926,-1823.4003,-14014.2458,-1872.9273,47.1808,-17523.8126,-1734.9597,-13861.7579,-1976.1042,49.0092,-152.1987,-13.2025,-105.9202,-37.1577,4.0817,-10.92806885,11.1352000000006,22.0632688500006
27,1alw,-14278.9352,13941.5633,-21534.3589,-6767.8216,81.682,-14254.3994,13858.3551,-21518.4229,-6676.4223,82.0908,-43.3183,83.2083,-46.8588,-81.5113,1.8434,-31542.2125,-3390.7516,-21534.3589,-6698.7839,81.682,-31407.1345,-3367.4512,-21518.4229,-6603.3512,82.0908,-127.0807,-1.925,-46.8588,-80.1404,1.8434,-9.007712884,-2.59289999999964,6.41481288400036
28,1amw,-18477.9866,17353.9684,-29688.6693,-6236.8029,93.5172,-17746.2319,18481.895,-30080.5129,-6242.0664,94.4524,-771.2255,-1127.9266,419.9111,-66.0213,2.8113,-39926.4538,-4144.5454,-29688.6693,-6186.7564,93.5172,-40277.2984,-4099.7632,-30080.5129,-6191.4747,94.4524,352.4998,-5.1495,419.9111,-65.0731,2.8113,-6.272241793,-0.16189999999915,6.11034179300085
29,1apv,-9729.2469,16127.6347,-19940.8435,-5977.8115,61.7734,-9784.016,15933.2141,-19691.0842,-6089.62,63.4742,-39.8636,194.4207,-194.7663,-43.5899,4.0719,-28002.602,-2215.1405,-19940.8435,-5908.3914,61.7734,-27830.4921,-2134.9089,-19691.0842,-6067.9732,63.4742,-250.0257,-13.8664,-194.7663,-45.4649,4.0719,-12.4339595,28.2674999999999,40.7014594999999
30,1atl,-16835.3925,15795.7871,-26303.9172,-6416.0451,88.7827,-16875.5416,15697.0151,-26476.7575,-6185.2074,89.4081,-89.6162,98.772,-104.417,-86.9938,3.0226,-33413.7562,-870.9656,-26303.9172,-6327.6562,88.7827,-33324.7882,-820.2654,-26476.7575,-6117.1735,89.4081,-192.6318,-5.0601,-104.417,-86.1773,3.0226,-8.67614063,84.1251999999986,92.8013406299986
31,1avn,-9306.0047,12933.95,-19530.4884,-2768.0414,58.5751,-9263.9005,12952.7548,-19568.6048,-2706.7181,58.6676,-52.6708,-18.8048,39.0479,-74.4886,1.5746,-24660.4455,-2468.8677,-19530.4884,-2719.6645,58.5751,-24627.5502,-2457.728,-19568.6048,-2659.885,58.6676,-32.1924,-0.9126,39.0479,-71.9024,1.5746,-5.388049118,0.339499999998225,5.72754911799822
32,1ax0,-15552.7632,22429.1644,-31704.5655,-6376.1682,98.806,-15513.1617,22328.2456,-31535.8612,-6404.6579,99.1117,-58.0522,100.9188,-120.5427,-40.4809,2.0526,-42322.2411,-4539.7431,-31704.5655,-6176.7385,98.806,-42155.7032,-4513.2513,-31535.8612,-6205.7025,99.1117,-164.6919,-2.3544,-120.5427,-43.8475,2.0526,-4.324254805,-5.68670000000202,-1.36244519500202
33,1b05,-20121.2827,24280.4036,-39637.9908,-4859.0473,95.3518,-20217.4942,23900.4167,-39251.6786,-4962.8411,96.6088,34.7547,379.9868,-315.2029,-33.5993,3.5701,-48847.973,-4560.8155,-39637.9908,-4744.5185,95.3518,-48473.2987,-4465.2768,-39251.6786,-4852.9521,96.6088,-355.3961,-9.3754,-315.2029,-34.3879,3.5701,-9.836643517,-24.7065000000002,-14.8698564830002
34,1b0h,-20187.9395,24282.5863,-39600.0033,-4967.9779,97.4554,-20285.153,23900.6632,-39199.4058,-5085.4065,98.9961,30.7462,381.9231,-318.9296,-36.5412,4.2939,-48908.3403,-4554.6626,-39600.0033,-4851.1297,97.4554,-48519.3941,-4443.4769,-39199.4058,-4975.5075,98.9961,-363.3191,-11.6527,-318.9296,-37.0307,4.2939,-9.256392074,-33.0656999999992,-23.8093079259992
35,1b1h,-20058.3921,24253.4941,-39670.0204,-4738.6511,96.7852,-20075.9155,23851.1878,-39200.5096,-4824.9383,98.3445,-52.0696,402.3063,-356.3003,-102.2899,4.2143,-48854.0941,-4646.8494,-39670.0204,-4634.0096,96.7852,-48372.9966,-4539.7287,-39200.5096,-4731.1028,98.3445,-463.2078,-10.8931,-356.3003,-100.2287,4.2143,-9.712303922,-26.6346000000012,-16.9222960780012
36,1b2h,-20367.8608,24311.155,-39955.4173,-4820.1211,96.5227,-20246.8081,23863.7559,-38929.9703,-5278.4887,97.895,-166.0154,447.399,-184.9912,-432.2929,3.8696,-49156.8287,-4563.4099,-39955.4173,-4734.5241,96.5227,-48457.949,-4460.9781,-38929.9703,-5164.8956,97.895,-613.6487,-10.2701,-184.9912,-422.2571,3.8696,-6.272241793,-47.1989999999969,-40.9267582069969
37,1b32,-20214.4053,24207.0613,-39775.3097,-4742.4616,96.3047,-20101.6636,23775.4293,-38899.7973,-5074.9893,97.6937,-143.0478,431.632,-274.3206,-304.2893,3.93,-48991.7445,-4657.5326,-39775.3097,-4655.2069,96.3047,-48333.2581,-4555.0365,-38899.7973,-4976.118,97.6937,-577.0723,-10.3681,-274.3206,-296.3135,3.93,-9.809012496,-61.8218999999954,-52.0128875039954
38,1b3f,-20110.5048,24166.086,-39683.6151,-4688.8107,95.8349,-20036.7133,23738.5524,-38775.099,-5097.3898,97.2231,-142.6489,427.5336,-154.0539,-420.0625,3.9339,-48847.851,-4662.5293,-39683.6151,-4597.5415,95.8349,-48223.7415,-4555.9205,-38775.099,-4989.9451,97.2231,-572.1985,-10.6701,-154.0539,-411.4084,3.9339,-9.518886774,-27.081299999998,-17.562413225998
39,1b3g,-20213.1439,24346.034,-39769.4273,-4887.0395,97.2888,-20250.6592,23940.6488,-39308.2121,-4981.7676,98.6717,-45.6673,405.3852,-358.3961,-96.4346,3.7782,-48986.0106,-4546.3326,-39769.4273,-4767.5394,97.2888,-48529.8992,-4445.8293,-39308.2121,-4874.5295,98.6717,-458.9188,-9.9025,-358.3961,-94.3984,3.7782,-9.256392074,-7.41819999999643,1.83819207400357
40,1b3h,-20210.3177,24310.4483,-39687.6041,-4929.8628,96.7008,-20234.5524,23907.1523,-39213.3636,-5026.5113,98.1701,-47.475,403.296,-357.6354,-97.2755,4.1398,-48971.0497,-4570.0006,-39687.6041,-4810.1458,96.7008,-48497.7995,-4463.19,-39213.3636,-4919.416,98.1701,-460.4058,-11.5316,-357.6354,-95.3787,4.1398,-8.579432056,-23.5692999999992,-14.9898679439992
41,1b3l,-20034.8242,24159.5838,-39127.0798,-5166.631,99.3029,-20118.5491,23799.1451,-38748.8743,-5269.2855,100.4655,30.7578,360.4387,-300.0483,-32.9853,3.3527,-48603.181,-4502.6146,-39127.0798,-5072.7895,99.3029,-48253.9024,-4416.0221,-38748.8743,-5189.4715,100.4655,-337.9508,-7.9891,-300.0483,-33.2662,3.3527,-8.137335719,-25.6363000000019,-17.4989642810019
42,1b40,-20074.9869,24288.796,-39497.0842,-4962.4337,95.735,-20162.7999,23916.148,-39104.0994,-5071.8682,97.0197,30.5655,372.6481,-310.848,-35.2445,4.0099,-48828.8957,-4576.5988,-39497.0842,-4850.9476,95.735,-48453.0152,-4472.4965,-39104.0994,-4973.439,97.0197,-353.4417,-10.629,-310.848,-35.9745,4.0099,-10.05769169,-36.2257999999965,-26.1681083099965
43,1b46,-20099.3037,24281.3648,-39328.8814,-5148.0876,96.3005,-20208.1851,23921.7141,-38972.9207,-5254.5493,97.5707,48.1285,359.6507,-284.094,-31.0038,3.5755,-48844.6144,-4569.3545,-39328.8814,-5042.679,96.3005,-48500.6881,-4473.0772,-38972.9207,-5152.2608,97.5707,-321.2396,-9.7212,-284.094,-31.0,3.5755,-7.294589575,-25.8032000000021,-18.5086104250021
44,1b4h,-20330.4004,24345.0027,-40046.3341,-4725.8992,96.8302,-20250.6695,23907.1264,-39210.5657,-5045.3827,98.1524,-169.7212,437.8763,-175.8459,-435.4686,3.717,-49152.4097,-4566.2429,-40046.3341,-4636.6629,96.8302,-48518.6064,-4463.9466,-39210.5657,-4942.2465,98.1524,-607.7037,-10.8809,-175.8459,-424.6939,3.717,-7.543268765,-1.42510000000038,6.11816876499962
45,1b4z,-20056.8504,24177.6196,-39470.2663,-4860.2149,96.0113,-20051.8266,23789.9219,-38883.6947,-5055.3609,97.3072,-34.6379,387.6977,-304.7538,-121.2409,3.6591,-48794.2849,-4659.8573,-39470.2663,-4760.1726,96.0113,-48301.0074,-4562.6628,-38883.6947,-4951.9571,97.3072,-429.3322,-9.9941,-304.7538,-118.2434,3.6591,-7.225512022,-57.586299999999,-50.360787977999
46,1b51,-20372.6991,24284.0212,-39966.9784,-4787.0435,97.3015,-20258.9618,23879.5178,-39173.0096,-5064.0261,98.5561,-152.5424,404.5035,-255.0431,-305.4926,3.4898,-49110.6762,-4546.4213,-39966.9784,-4694.578,97.3015,-48482.5464,-4454.4271,-39173.0096,-4953.6658,98.5561,-558.7772,-9.0002,-255.0431,-298.2238,3.4898,-10.18203128,-44.1888999999974,-34.0068687199974
47,1b52,-20167.3241,24087.4039,-39766.7047,-4584.0032,95.9799,-20058.4306,23693.9984,-39010.0434,-4839.6677,97.2821,-156.6399,393.4055,-260.5008,-293.1685,3.6239,-48669.8802,-4520.5411,-39766.7047,-4478.6142,95.9799,-48062.5256,-4423.2143,-39010.0434,-4726.55,97.2821,-553.0876,-9.5109,-260.5008,-286.6998,3.6239,-9.836643517,-40.0695000000014,-30.2328564830014
48,1b55,-28324.142,25386.4847,-40375.3198,-13502.5553,167.2484,-27493.5841,25806.1045,-39193.9786,-14273.3345,167.6245,-836.6919,-419.6199,-153.3631,-266.4823,2.7733,-58734.4872,-5186.0544,-40375.3198,-13340.3613,167.2484,-58293.4593,-5167.4431,-39193.9786,-14099.6621,167.6245,-416.2305,1.0951,-153.3631,-266.7358,2.7733,-10.22347781,-13.5723999999973,-3.34892218999729
49,1b57,-23343.827,35032.1139,-50875.8245,-7623.5581,123.4417,-23209.8421,35067.5036,-50735.5282,-7665.4398,123.6223,-194.4926,-35.3897,-108.5755,-52.1351,1.6078,-65083.4614,-6838.0481,-50875.8245,-7493.0305,123.4417,-64968.4183,-6819.6895,-50735.5282,-7536.823,123.6223,-160.7303,-0.7505,-108.5755,-53.012,1.6078,-11.05240845,42.8996000000006,53.9520084500006
50,1b58,-20282.4988,24263.5811,-39766.8852,-4876.1061,96.9114,-20152.4108,23859.0166,-38928.2838,-5181.5373,98.3937,-170.7218,404.5644,-271.9833,-307.3815,4.0785,-49017.6439,-4558.8746,-39766.8852,-4788.7956,96.9114,-48370.1574,-4453.0692,-38928.2838,-5087.1981,98.3937,-579.9971,-11.0173,-271.9833,-301.0749,4.0785,-9.104421458,-54.1542999999983,-45.0498785419983
51,1b5h,-20241.2115,24384.4348,-40092.5009,-4629.9129,96.7675,-20229.3077,23951.8996,-39341.4458,-4937.8217,98.0603,-65.1609,432.5352,-136.3063,-364.9801,3.5902,-49097.1207,-4563.0439,-40092.5009,-4538.3433,96.7675,-48528.1143,-4465.0967,-39341.4458,-4819.6321,98.0603,-499.3604,-9.7092,-136.3063,-356.9352,3.5902,-8.303121845,-34.9809000000023,-26.6777781550023
52,1b5i,-20044.4745,24170.965,-39635.169,-4676.8304,96.5599,-20070.9852,23867.1669,-39248.5137,-4787.524,97.8855,-33.3299,303.7981,-298.9438,-41.9111,3.727,-48770.0151,-4656.7924,-39635.169,-4574.6136,96.5599,-48401.9281,-4558.7834,-39248.5137,-4692.5166,97.8855,-346.9389,-10.2335,-298.9438,-41.4886,3.727,-9.739934943,-27.9349000000038,-18.1949650570038
53,1b5j,-20225.825,24176.7973,-39839.7802,-4658.3689,95.5269,-20035.7264,23808.4649,-38967.1425,-4973.9504,96.9016,-225.7377,368.3324,-278.7998,-319.1059,3.8357,-48973.0236,-4660.502,-39839.7802,-4568.2683,95.5269,-48293.7355,-4557.5652,-38967.1425,-4865.9294,96.9015,-595.4266,-9.872,-278.7998,-310.5905,3.8357,-10.26492434,-57.4256999999998,-47.1607756599998
54,1b6h,-20296.8589,24321.9897,-39992.2987,-4722.6096,96.0597,-20196.8492,23894.0215,-39155.5656,-5032.6935,97.3884,-141.2794,427.9682,-280.7715,-292.2301,3.754,-49096.2731,-4567.2341,-39992.2987,-4632.8001,96.0597,-48447.3229,-4471.1957,-39155.5656,-4917.95,97.3884,-570.8802,-9.8338,-280.7715,-284.0289,3.754,-10.80372926,-44.9349000000002,-34.1311707400002
55,1b6j,-7226.4704,8456.0368,-13912.8309,-1818.437,48.7608,-7169.8815,8127.5095,-13439.7997,-1908.5982,51.0069,-153.902,328.5274,-384.3239,-102.995,4.8895,-17470.3482,-1804.2042,-13912.8309,-1802.0738,48.7608,-16962.1029,-1686.6394,-13439.7997,-1886.6707,51.0069,-503.8398,-23.0187,-384.3239,-101.3868,4.8895,-10.94188436,2.76699999999983,13.7088843599998
56,1b6k,-7092.2514,8696.282,-13780.7707,-2056.491,48.7284,-7068.9802,8388.4894,-13403.146,-2105.3579,51.0344,-64.8023,307.7926,-280.7074,-96.6785,4.791,-17557.3534,-1788.5833,-13780.7707,-2036.7277,48.7284,-17103.3832,-1670.9323,-13403.146,-2080.3393,51.0344,-398.87,-23.0153,-280.7074,-99.9383,4.791,-12.07475623,-53.1045999999988,-41.0298437699988
57,1b6l,-7075.8939,8477.4797,-13517.2344,-2084.7978,48.6586,-7032.762,8364.8137,-13316.1618,-2131.9511,50.5372,-134.632,112.666,-160.0872,-91.3568,4.146,-17322.234,-1788.6352,-13517.2344,-2065.0231,48.6586,-17062.3961,-1691.3588,-13316.1618,-2105.4127,50.5372,-264.6493,-17.3211,-160.0872,-91.387,4.146,-11.46687376,11.5448000000015,23.0116737600015
58,1b7h,-20258.9721,24289.4708,-39914.4492,-4731.4402,97.4466,-20161.5901,23854.5907,-39049.6041,-5065.3917,98.815,-139.0679,434.8801,-274.717,-303.1683,3.9372,-49009.237,-4560.425,-39914.4492,-4631.8094,97.4466,-48362.3968,-4460.9898,-39049.6041,-4950.618,98.815,-576.298,-9.8318,-274.717,-295.6865,3.9372,-11.08003947,-47.9174999999959,-36.8374605299959
59,1b8n,-11730.9875,10093.4182,-19065.1712,-2817.5497,58.3152,-11518.8264,10260.7156,-18983.1797,-2855.3106,58.9482,-210.5855,-167.2974,-1.4346,-44.1849,2.3313,-24475.6662,-2676.8757,-19065.1712,-2791.9346,58.3152,-24391.539,-2632.3451,-18983.1797,-2834.9625,58.9482,-49.6569,-3.4318,-1.4346,-47.1219,2.3313,-14.53391711,-42.6743999999999,-28.1404828899999
60,1b8o,-11607.6917,10506.5213,-19462.0189,-2711.2014,59.0072,-11481.5473,10470.8979,-19203.6164,-2808.5165,59.6877,-138.4122,35.6235,-87.7496,-88.4981,2.212,-24774.2402,-2704.3657,-19462.0189,-2666.8628,59.0072,-24581.2797,-2655.8484,-19203.6164,-2781.5026,59.6877,-179.1456,-3.8199,-87.7496,-89.7881,2.212,-14.69970323,-32.4295999999995,-17.7298967699995
61,1b8y,-5816.5999,7584.4172,-9992.9581,-3450.42,42.361,-5798.166,7436.881,-10088.4113,-3190.0937,43.458,-151.175,147.5363,-207.0448,-94.8366,3.1702,-14909.3076,-1591.0855,-9992.9581,-3367.625,42.361,-14709.1087,-1530.6846,-10088.4113,-3133.4708,43.458,-298.8516,-1.2568,-207.0448,-93.7202,3.1702,-10.84517579,73.5969999999998,84.4421757899998
62,1b9j,-19959.3411,24165.8915,-39301.5832,-4920.7676,97.1183,-20058.8089,23796.9714,-38915.6423,-5038.7556,98.6176,32.0906,368.9201,-306.7117,-33.9634,3.8457,-48656.2981,-4637.4712,-39301.5832,-4814.3619,97.1183,-48290.7827,-4540.1361,-38915.6423,-4933.6219,98.6176,-346.3795,-9.8676,-306.7117,-33.6458,3.8457,-8.234044293,-20.0903000000035,-11.8562557070035
63,1bai,-10443.8628,9167.6123,-16740.1849,-2931.5896,60.2994,-10391.4008,8620.0662,-16029.9922,-3044.0456,62.5709,-260.4086,547.5462,-548.0456,-266.2277,6.3185,-21825.7356,-2240.3492,-16740.1849,-2905.5009,60.2994,-21130.3726,-2134.65,-16029.9922,-3028.3012,62.5709,-830.2545,-26.7787,-548.0456,-261.7487,6.3185,-10.63794313,129.026099999997,139.664043129997
64,1bcd,-9218.7987,13166.7268,-19705.6097,-2738.3752,58.4594,-9329.5877,12995.0765,-19700.1738,-2683.2124,58.722,43.7719,171.6503,-54.5645,-74.5731,1.2592,-24820.7972,-2492.9912,-19705.6097,-2680.6556,58.4594,-24752.7609,-2474.8299,-19700.1738,-2636.4792,58.722,-124.9623,-0.0448,-54.5645,-71.6121,1.2592,-12.01949419,48.9006000000009,60.9200941900009
65,1bcu,-10507.9532,9850.1029,-16804.4889,-3614.918,61.3508,-10371.5958,10098.0947,-16831.4821,-3699.8624,61.654,-143.7985,-247.9918,152.6476,-50.6196,2.1652,-19598.3634,726.1147,-16804.4889,-3581.34,61.3508,-19674.9058,761.4389,-16831.4821,-3666.5166,61.654,101.6363,-2.1414,152.6476,-51.0351,2.1652,-4.531487463,-25.7417000000005,-21.2102125370005
66,1bdq,-6850.2431,8765.9065,-13425.4984,-2239.1115,48.4603,-6842.8185,8803.9503,-13445.1068,-2252.1419,50.4799,-128.9867,-38.0438,-17.6078,-77.6274,4.2923,-17340.221,-1752.4207,-13425.4984,-2210.7621,48.4603,-17277.1772,-1663.6369,-13445.1068,-2218.9134,50.4799,-108.7216,-16.0724,-17.6078,-79.3337,4.2923,-8.759033694,48.8507000000009,57.6097336940009
67,1bgq,-17729.6268,18343.6548,-29934.1699,-6234.3375,95.2258,-17634.3989,18576.3057,-30041.0161,-6265.7861,96.0976,-120.039,-232.6509,143.2893,-33.3642,2.6869,-40175.575,-4129.6041,-29934.1699,-6207.0268,95.2258,-40268.0527,-4086.2667,-30041.0161,-6236.8675,96.0976,109.656,-2.2318,143.2893,-34.0883,2.6869,-11.83989255,-16.2945,-4.45460744999997
68,1bhf,-5237.8906,3612.8764,-7396.4947,-1487.3222,33.0499,-4879.1821,3242.9336,-6736.4203,-1418.7262,33.0307,-370.412,369.9428,-190.2658,-555.0573,4.9683,-9816.042,-974.8864,-7396.4947,-1477.7109,33.0499,-9016.774,-907.0252,-6736.4203,-1406.3592,33.0307,-747.2365,-14.4661,-190.2658,-547.4729,4.9683,-6.051193624,-41.6916000000001,-35.6404063760001
69,1bhx,-10344.4716,9548.2465,-16400.0191,-3550.9431,58.2441,-10120.4736,9613.9654,-16229.5382,-3563.4917,58.5909,-228.7952,-65.7189,-78.0108,-88.8031,3.7377,-18940.4666,908.0305,-16400.0191,-3506.7222,58.2441,-18722.958,968.9991,-16229.5382,-3521.0099,58.5909,-170.7281,-9.4563,-78.0108,-86.9986,3.7377,-9.449809222,-46.7150999999994,-37.2652907779994
70,1bju,-6760.7927,10861.4858,-15632.1587,-2035.5836,45.4638,-6586.5969,11135.253,-15786.1633,-1981.5357,45.8491,-182.7608,-273.7671,154.6369,-66.3523,2.7218,-14764.9562,2872.1608,-15632.1587,-2050.4221,45.4638,-14821.9822,2912.6941,-15786.1633,-1994.3622,45.8491,90.2896,-0.5263,154.6369,-66.5427,2.7218,-6.631445068,-31.4420000000005,-24.8105549320005
71,1bjv,-6664.8269,10971.0904,-15456.974,-2225.477,46.5337,-6488.4216,11241.2093,-15655.485,-2120.8318,46.6858,-188.3574,-270.1189,146.9592,-68.5318,3.3341,-14740.1238,2906.7031,-15456.974,-2236.3867,46.5337,-14791.378,2950.3661,-15655.485,-2132.9449,46.6858,79.4794,-1.8338,146.9592,-68.9801,3.3341,-7.653792849,-29.8771000000002,-22.2233071510002
72,1bm7,-15374.9911,22199.1617,-31106.0129,-6557.1471,89.0073,-15286.655,22269.3569,-31227.9452,-6417.9024,89.8357,-96.905,-70.1953,43.1886,-72.2692,2.3708,-41808.336,-4280.4426,-31106.0129,-6510.8878,89.0073,-41756.8818,-4248.7723,-31227.9452,-6370.0,89.8357,-23.517,1.5224,43.1886,-70.5988,2.3708,-10.38926394,-24.6238000000012,-14.2345360600012
73,1bma,-9203.0219,8504.5643,-15806.0651,-1954.6314,53.1103,-9270.8529,8375.4742,-15800.9895,-1899.1251,53.7874,44.9488,129.0902,-24.6932,-63.6716,4.2235,-16796.8386,917.6974,-15806.0651,-1961.5812,53.1103,-16669.2867,987.2949,-15800.9895,-1909.3796,53.7874,-94.2376,-10.389,-24.6932,-63.379,4.2235,-6.341319346,-36.3263000000006,-29.9849806540006
74,1bn1,-9565.227,12456.4232,-19544.3439,-2535.4842,58.1779,-9218.4449,12929.7069,-19648.2809,-2558.4235,58.5527,-386.8347,-473.2837,121.746,-38.1234,2.8263,-24510.5246,-2534.3427,-19544.3439,-2490.0159,58.1779,-24602.4007,-2497.6071,-19648.2809,-2515.0652,58.5527,83.0315,-3.1485,121.746,-38.3923,2.8263,-12.90368686,6.46550000000025,19.3691868600002
75,1bn3,-9571.1296,12469.2292,-19512.5059,-2585.9174,58.0646,-9251.3977,12993.5239,-19696.2672,-2607.0768,58.4223,-355.1789,-524.2947,204.0149,-37.7842,2.885,-24502.758,-2511.414,-19512.5059,-2536.9026,58.0646,-24672.1598,-2474.2134,-19696.2672,-2560.1015,58.4223,166.9685,-3.2053,204.0149,-36.7261,2.885,-13.66353994,1.45169999999962,15.1152399399996
76,1bn4,-9582.6111,12444.3199,-19466.1657,-2619.0776,58.3123,-9230.7947,12922.4201,-19568.4669,-2643.3896,58.6417,-395.1147,-478.1001,120.0286,-39.9568,2.9137,-24508.8233,-2528.9313,-19466.1657,-2572.0386,58.3123,-24602.5458,-2494.4568,-19568.4669,-2598.2639,58.6417,81.0823,-2.4928,120.0286,-39.3671,2.9137,-12.86224033,11.3166000000001,24.1788403300001
77,1bnn,-9627.0205,12439.1872,-19451.4653,-2672.6155,57.8731,-9288.8437,12985.6895,-19640.1198,-2692.7622,58.3488,-373.8975,-546.5023,208.3161,-38.5989,2.8876,-24526.5462,-2511.4715,-19451.4653,-2621.4825,57.8731,-24697.9958,-2472.4501,-19640.1198,-2643.7747,58.3488,169.3344,-3.9179,208.3161,-37.9514,2.8876,-13.81551056,0.617199999998775,14.4327105599988
78,1bnq,-9475.4179,12549.5173,-19410.9733,-2671.0961,57.1342,-9182.9141,12881.0715,-19434.7844,-2687.1594,57.9582,-348.1948,-331.5542,84.3627,-103.96,2.9567,-24494.8155,-2520.478,-19410.9733,-2620.4983,57.1342,-24490.2176,-2472.7283,-19434.7844,-2640.6631,57.9582,-19.8675,-6.1269,84.3627,-101.06,2.9567,-13.11091952,14.0682000000015,27.1791195200015
79,1bnt,-9482.9052,12516.3012,-19399.0519,-2656.8532,56.6987,-9202.9182,12888.104,-19463.8997,-2684.1787,57.0562,-329.7717,-371.8028,83.0804,-43.9618,2.9125,-24469.059,-2514.3204,-19399.0519,-2612.3853,56.6987,-24521.7623,-2475.4975,-19463.8997,-2639.4214,57.0562,38.8703,-3.9676,83.0804,-43.155,2.9125,-13.53920035,14.9293999999991,28.4686003499991
80,1bnu,-9468.135,12566.3179,-19461.7487,-2629.1476,56.4434,-9189.4229,12927.1891,-19509.1254,-2664.5449,57.0584,-335.8689,-360.8712,64.8992,-42.6366,2.7396,-24505.4866,-2511.8891,-19461.7487,-2588.2922,56.4434,-24544.9729,-2472.4538,-19509.1254,-2620.4522,57.0584,22.2755,-3.6286,64.8992,-41.7347,2.7396,-13.40104524,21.3500999999978,34.7511452399978
81,1bnv,-9561.053,12535.1573,-19477.127,-2676.8405,57.7573,-9245.1165,12943.67,-19582.7268,-2664.5005,58.4408,-364.6222,-408.5128,134.4649,-93.6474,3.0731,-24557.9619,-2506.78,-19477.127,-2631.8122,57.7573,-24611.0153,-2460.9397,-19582.7268,-2625.7896,58.4408,40.1014,-6.1996,134.4649,-91.237,3.0731,-12.11620276,9.04499999999825,21.1612027599983
82,1bnw,-9536.8342,12413.0954,-19322.6333,-2684.2698,56.9734,-9196.4229,12902.3231,-19442.3405,-2713.7618,57.3563,-389.0958,-489.2276,135.3833,-37.8721,2.6206,-24397.6034,-2496.3695,-19322.6333,-2635.5739,56.9734,-24511.878,-2461.0842,-19442.3405,-2665.8096,57.3563,99.3949,-2.4573,135.3833,-36.1517,2.6206,-12.54448359,15.8564999999999,28.4009835899999
83,1bp0,-23132.3028,30107.5198,-43347.046,-10024.1682,131.3916,-22745.8616,30596.7781,-43422.2924,-10052.2879,131.9406,-414.3873,-489.2583,126.7604,-54.3144,2.425,-59516.8583,-6380.8947,-43347.046,-9920.3091,131.3916,-59592.1301,-6349.6872,-43422.2924,-9952.0911,131.9406,73.4778,-2.5799,126.7604,-53.1276,2.425,-7.460375701,-0.681500000002416,6.77887570099758
84,1bq4,-37543.2361,42375.3225,-68857.662,-11240.7635,179.8669,-37153.2113,41852.1481,-67701.583,-11484.5922,180.8158,-445.1674,523.1744,29.8455,-1000.4879,2.3006,-88960.3712,-9423.2825,-68857.662,-10859.2936,179.8669,-87985.2709,-9393.3415,-67701.583,-11071.1621,180.8158,-958.6182,-5.8105,29.8455,-984.9538,2.3006,-7.211696511,31.0120999999999,38.2237965109999
85,1br6,-11904.3974,7533.9042,-16934.6961,-2567.9047,64.2992,-11609.6585,7927.3581,-17137.5587,-2464.1739,64.716,-358.1279,-393.4538,242.4671,-209.7851,2.644,-21959.5012,-2520.5029,-16934.6961,-2568.6014,64.2992,-22018.0069,-2475.6541,-17137.5587,-2469.5101,64.716,33.979,-4.1966,242.4671,-206.9355,2.644,-4.4485944,22.7368000000006,27.1853944000006
86,1bty,-6378.6095,11272.3482,-15666.0353,-2031.1573,46.2349,-6302.2145,11344.8499,-15686.8063,-2006.9068,46.6488,-71.5255,-72.5017,56.1107,-56.7198,1.5853,-14731.8145,2930.5779,-15666.0353,-2042.5919,46.2349,-14705.5216,2955.5279,-15686.8063,-2020.8919,46.6488,0.9968,-0.4165,56.1107,-56.2827,1.5853,-6.548552004,-29.4029999999993,-22.8544479959993
87,1bv7,-7166.7829,8625.1847,-14051.5146,-1787.609,47.156,-7036.6379,8764.9785,-13952.3544,-1898.3873,49.1252,-215.7892,-139.7938,-27.3342,-54.0151,5.3539,-17607.2958,-1825.6221,-14051.5146,-1777.3151,47.156,-17503.2056,-1715.4155,-13952.3544,-1884.5609,49.1252,-93.157,-15.6269,-27.3342,-55.5498,5.3539,-14.22997587,-8.93549999999959,5.29447587000041
88,1bv9,-7200.5399,8520.8331,-13992.7841,-1775.3831,46.7942,-7083.4578,8660.2481,-13900.0348,-1892.2915,48.6204,-215.2686,-139.415,-27.7718,-53.5031,5.4213,-17548.053,-1839.4423,-13992.7841,-1762.6207,46.7942,-17453.988,-1730.9331,-13900.0348,-1871.6405,48.6204,-93.1758,-15.419,-27.7718,-55.4063,5.4213,-13.76024852,5.09629999999925,18.8565485199992
89,1bwa,-7174.3659,8547.7747,-14007.7907,-1761.2327,46.8828,-7048.4119,8687.1978,-13913.7792,-1870.5974,48.7669,-215.5171,-139.4231,-27.7791,-53.7111,5.3962,-17546.4101,-1835.2453,-14007.7907,-1750.257,46.8828,-17446.8336,-1730.8651,-13913.7792,-1850.9561,48.7669,-93.4749,-15.3497,-27.7791,-55.7424,5.3962,-11.88133908,0.532600000000457,12.4139390800005
90,1bwb,-7237.2684,8419.227,-13821.9993,-1881.9153,47.4192,-7047.8763,8671.3649,-13756.1625,-2012.2262,49.1475,-282.5571,-252.138,27.851,-64.4021,6.132,-17486.628,-1840.2991,-13821.9993,-1871.7489,47.4192,-17428.9934,-1728.4067,-13756.1625,-1993.5716,49.1475,-48.3949,-16.2306,27.851,-66.1473,6.132,-11.63265989,-2.49679999999898,9.13585989000102
91,1bxr,-44706.298,40071.1927,-72663.8079,-12287.437,173.7542,-43547.0963,42299.9263,-73299.2839,-12722.5307,174.7919,-1368.0568,-2228.7336,1046.831,-189.4571,3.303,-95274.7849,-10730.7787,-72663.8079,-12053.9524,173.7542,-96246.3451,-10661.2037,-73299.2839,-12460.6495,174.7919,861.7361,-7.1266,1046.831,-181.2712,3.303,-4.69727359,146.406699999992,151.103973589992
93,1bzc,-12419.9112,12892.9349,-21154.82,-4223.9162,65.8901,-12302.1111,12782.4905,-20810.6222,-4340.2635,66.2841,-201.4694,110.4444,-185.3324,-129.826,3.2446,-28254.2252,-3017.5699,-21154.82,-4147.7253,65.8901,-27973.601,-2970.5079,-20810.6222,-4258.7551,66.2841,-310.9797,-3.6562,-185.3324,-125.2357,3.2446,-6.797231195,40.2634999999991,47.0607311949991
94,1bzy,-33824.1924,36885.7774,-62318.408,-8538.1521,146.5903,-33548.189,37115.0766,-62051.6299,-8758.9846,147.349,-330.4307,-229.2991,18.4003,-122.271,2.7391,-79070.6981,-8555.5913,-62318.408,-8343.2891,146.5903,-78963.8698,-8510.5956,-62051.6299,-8548.9932,147.349,-107.5595,-4.2188,18.4003,-124.4801,2.7391,-11.52213581,13.6503999999986,25.1725358099986
95,1c1r,-6728.787,10945.0569,-15481.4512,-2238.2816,45.8889,-6583.9762,11128.433,-15693.392,-2065.4276,46.4104,-161.5658,-183.3761,176.3941,-157.4115,2.8277,-14824.0929,2852.0984,-15481.4512,-2240.629,45.8889,-14818.7657,2894.65,-15693.392,-2066.4341,46.4104,19.6932,-2.7846,176.3941,-156.744,2.8277,-10.54123456,-23.0120000000006,-12.4707654400006
96,1c1u,-10354.3709,9144.1246,-16136.6685,-3422.5378,60.7108,-10206.5348,9354.2015,-16172.9137,-3449.0735,61.251,-167.4318,-210.0769,121.8287,-81.9926,2.809,-18553.9636,900.5139,-16136.6685,-3378.5199,60.7108,-18579.0054,937.7993,-16172.9137,-3405.1419,61.2509,39.9953,-2.3143,121.8287,-82.3281,2.809,-11.39779621,-15.3754000000008,-3.97760379000081
98,1c3x,-28447.0897,30876.7837,-47753.7571,-11716.8414,146.7252,-28251.2517,31166.2296,-47827.3392,-11737.444,147.3017,-197.37,-289.446,116.5506,-26.1488,1.6742,-66364.7287,-7104.07,-47753.7571,-11653.6268,146.7252,-66437.3147,-7075.6435,-47827.3392,-11681.6337,147.3017,91.9547,-1.1311,116.5506,-25.139,1.6742,-5.084107885,-25.7634000000035,-20.6792921150035
99,1c4u,-10246.5339,9539.9664,-16257.3849,-3587.9949,58.8796,-10033.8565,9761.1302,-16250.4646,-3603.8164,59.2943,-226.9781,-221.1639,79.6042,-89.2213,3.8029,-18503.0593,1238.0404,-16257.3849,-3542.5943,58.8796,-18448.3642,1301.3646,-16250.4646,-3558.5585,59.2943,-16.6162,-12.1408,79.6042,-87.8825,3.8029,-14.32668445,-36.8827000000019,-22.5560155500019
100,1c5c,-15242.9709,18816.8406,-30040.2229,-4119.2845,99.6959,-14853.3253,19264.0299,-29980.1793,-4237.6646,100.4887,-396.3468,-447.1893,135.9253,-87.6175,2.5347,-34456.9705,-381.4122,-30040.2229,-4135.0313,99.6959,-34485.7926,-357.5395,-29980.1793,-4248.5626,100.4887,57.5869,7.2891,135.9253,-88.1622,2.5347,-9.615595348,-24.4606000000003,-14.8450046520003